Receptor,Emisor,Duracion,Fecha Inicio
234567890,345678901,0:00:06.453694,2024-11-05 00:54:06.849257
